Nombre,Genero,Fecha Contratacion,Salario,Definitivo,Equipo
Douglas,Masculino,08/06/1993,,True,Marketing
Thomas,Masculino,3/31/96,61933,True,
Maria,Femenino,,130590,False,Finanzas
Jerry,,03/04/2005,138705,True,Finanzas
Larry,Masculino,1/24/98,101004,True,TI
Dennis,Masculino,4/18/87,115163,False,Legal
Ruby,Femenino,8/17/87,65476,True,Producto
,Femenino,7/20/15,45906,,Finanzas
Angela,Femenino,11/22/05,95570,True,Ingenieria
Frances,Femenino,08/08/2002,139852,True,Negocios
Louise,Femenino,08/12/1980,63241,True,
Julie,Femenino,10/26/97,102508,True,Legal
Brandon,Masculino,12/01/1980,112807,True,RH
Gary,Masculino,1/27/08,109831,False,Ventas
Kimberly,Femenino,1/14/99,41426,True,Finanzas
Lillian,Femenino,06/05/2016,59414,False,Producto
Jeremy,Masculino,9/21/10,90370,False,RH
Shawn,Masculino,12/07/1986,111737,False,Producto
Diana,Femenino,10/23/81,132940,False,TI
Donna,Femenino,7/22/10,81014,False,Producto
Lois,,4/22/95,64714,True,Legal
Matthew,Masculino,09/05/1995,100612,False,Marketing
Joshua,,03/08/2012,90816,True,TI
,Masculino,6/14/12,125792,,
John,Masculino,07/01/1992,97950,False,TI
,Masculino,10/08/2012,37076,,TI
Craig,Masculino,2/27/00,37598,True,Marketing
Scott,,07/11/1991,122367,False,Legal
Terry,Masculino,11/27/81,124008,True,TI
Benjamin,Masculino,1/26/05,79529,True,Legal
CRHistina,Femenino,08/06/2002,118780,True,Ingenieria
Joyce,,2/20/05,88657,False,Producto
,Masculino,8/21/98,122340,,
Jean,Femenino,12/18/93,119082,False,Negocios
Jerry,Masculino,01/10/2004,95734,False,TI
Theresa,Femenino,10/10/2006,85182,False,Ventas
Rachel,Femenino,2/16/09,142032,False,Negocios
Linda,Femenino,10/19/81,57427,True,TI
Stephanie,Femenino,9/13/86,36844,True,Negocios
,Masculino,1/29/16,122173,,TI
Michael,Masculino,10/10/2008,99283,True,Distribucion
CRHistine,,6/28/15,66582,True,Negocios
Beverly,Femenino,09/09/1998,121918,False,Legal
Marilyn,Femenino,12/07/1980,73524,True,Marketing
Cynthia,Femenino,11/16/88,145146,True,Producto
Roger,Masculino,4/17/80,88010,True,Ventas
Bruce,Masculino,11/28/09,114796,False,Finanzas
Kathy,Femenino,6/22/05,66820,True,TI
Clarence,Masculino,3/26/96,93581,True,Negocios
CRHis,,1/24/80,113590,False,Ventas
Nancy,Femenino,9/23/00,94976,True,Ingenieria
,,12/17/11,41126,,Ventas
Todd,Masculino,2/18/90,49339,True,RH
Alan,,03/03/2014,40341,True,Finanzas
Sara,Femenino,8/15/07,83677,False,Ingenieria
Karen,Femenino,11/30/99,102488,True,Producto
Carl,Masculino,05/03/2006,130276,True,Finanzas
Henry,Masculino,6/26/96,64715,True,RH
Theresa,Femenino,04/11/2010,72670,True,Ingenieria
Irene,Femenino,05/07/1997,66851,False,Ingenieria
Paula,,11/23/05,48866,False,Distribucion
Denise,Femenino,11/06/2001,106862,False,Negocios
,Femenino,06/12/2007,58112,,Marketing
Matthew,Masculino,01/02/2013,35203,False,RH
Kathleen,,04/11/1990,77834,False,Negocios
Steve,Masculino,11/11/2009,61310,True,Distribucion
Nancy,Femenino,12/15/12,125250,True,Negocios
Rachel,Femenino,8/16/99,51178,True,Finanzas
Jose,Masculino,10/30/04,84834,True,Finanzas
Irene,,7/14/15,100863,True,Finanzas
Todd,,06/10/2003,84692,False,TI
Johnny,Masculino,11/06/2009,118172,True,Ventas
Bobby,Masculino,05/07/2007,54043,False,Producto
Frances,Femenino,04/04/1999,90582,True,Ventas
Thomas,Masculino,06/04/1995,62096,False,Marketing
Bonnie,Femenino,07/02/1991,104897,True,RH
Margaret,Femenino,09/10/1988,131604,True,Distribucion
Charles,Masculino,9/14/04,107391,True,Marketing
Robin,Femenino,06/04/1983,114797,True,Ventas
Bonnie,Femenino,11/13/88,115814,False,Producto
Gerald,,3/17/95,137126,True,Ventas
CRHistopher,Masculino,3/30/08,47369,False,Legal
Steven,Masculino,3/30/80,35095,True,TI
Shawn,Masculino,9/23/05,148115,True,Finanzas
Doris,Femenino,8/20/04,83072,False,Finanzas
Jeremy,Masculino,02/01/2008,100238,True,TI
Annie,,9/29/07,103495,True,Negocios
Annie,Femenino,1/30/93,144887,True,Ventas
Donna,Femenino,11/27/91,64088,True,Legal
Janice,Femenino,03/12/2016,51082,False,Legal
Janice,,8/21/97,91719,True,Legal
James,,1/26/05,128771,False,
Linda,Femenino,5/25/00,119009,True,Negocios
Virginia,,05/07/1994,111858,True,Legal
Harry,Masculino,8/26/81,130620,False,Legal
Heather,Femenino,07/11/1998,43026,False,TI
Cynthia,Femenino,3/21/94,142321,False,Finanzas
Laura,,7/19/14,140371,True,Marketing
Tina,Femenino,6/16/16,100705,True,Marketing
Harold,Masculino,01/02/1985,77544,False,Negocios
Melissa,Femenino,6/21/05,48109,False,Finanzas
Aaron,Masculino,2/17/12,61602,True,Marketing
Jack,Masculino,01/12/1997,103902,False,TI
Phyllis,Femenino,10/11/1996,136984,True,Finanzas
John,Masculino,12/23/89,80740,False,Marketing
Kathy,Femenino,03/09/1996,91712,False,Finanzas
Paul,Masculino,08/04/1993,42146,False,Legal
Steven,Masculino,4/23/13,68680,False,Legal
Russell,,05/05/1988,133980,True,Legal
CRHistopher,Masculino,4/22/00,37919,False,
Shirley,Femenino,6/20/01,147113,False,Legal
Bonnie,Femenino,12/17/99,42153,True,Negocios
Willie,Masculino,11/27/03,64363,False,Marketing
Tina,Femenino,06/12/2009,114767,True,Ingenieria
Ashley,Femenino,08/04/2002,58698,True,Negocios
Pamela,Femenino,07/01/1982,54585,False,Producto
,Masculino,6/22/91,76189,,Legal
Steven,Masculino,03/01/1995,109095,False,Finanzas
Andrea,Femenino,01/12/2012,120204,False,Negocios
Paul,Masculino,06/03/2008,41054,False,Marketing
Peter,Masculino,11/17/94,84885,False,Negocios
Kathleen,,05/09/2016,119735,False,Producto
CRHistina,Femenino,4/13/12,110169,True,Ingenieria
Helen,Femenino,11/29/01,73789,True,Producto
Marilyn,Femenino,11/16/83,76078,True,Producto
Patricia,Femenino,09/01/2003,49368,False,RH
Michelle,Femenino,3/30/84,57325,True,RH
William,Masculino,9/29/02,66521,False,RH
Kenneth,Masculino,8/25/87,127654,True,TI
Antonio,Masculino,10/25/88,60866,True,Negocios
Shirley,Femenino,05/01/1984,41334,True,RH
Rebecca,Femenino,07/10/1992,94231,False,Producto
Carlos,Masculino,01/04/1995,146670,False,RH
Lois,Femenino,12/25/87,106317,True,TI
Carolyn,Femenino,04/09/2011,109260,True,Negocios
Gloria,Femenino,6/29/07,134148,True,Legal
Henry,Masculino,4/24/95,43542,False,Legal
Adam,Masculino,5/21/11,95327,False,Distribucion
Ashley,Femenino,5/25/06,112238,True,Ingenieria
,Femenino,10/03/1990,132373,,
Shirley,Femenino,2/28/81,113850,False,Marketing
Adam,Masculino,12/24/90,110194,True,Producto
Elizabeth,Femenino,10/09/2003,146129,False,Finanzas
Teresa,,1/28/16,140013,True,Ingenieria
Nicole,,03/05/1982,122717,False,Ventas
Jennifer,Femenino,04/04/2009,71715,True,TI
Patricia,Femenino,11/25/92,95322,False,Producto
Philip,Masculino,7/17/08,89227,False,Legal
Patrick,,7/14/91,124488,True,Ventas
,Femenino,8/17/14,86230,,Distribucion
Sean,Masculino,05/04/1996,135490,False,Marketing
Brandon,,11/03/1997,121333,False,Negocios
Ruth,Femenino,8/19/99,129297,True,TI
Victor,,03/10/2011,84546,True,Finanzas
Rebecca,Femenino,11/15/80,85730,True,Producto
Marie,Femenino,3/16/03,104058,True,Negocios
Howard,Masculino,4/27/92,105062,False,RH
,Femenino,7/27/05,79536,,Producto
Norma,Femenino,2/28/99,114412,True,Marketing
James,,11/22/83,68501,False,Marketing
Kathy,Femenino,3/18/00,149563,True,Finanzas
Marilyn,,8/22/99,103386,False,Distribucion
Arthur,Masculino,4/13/98,89786,True,Legal
Terry,Masculino,09/03/1990,52226,False,TI
Mary,Femenino,8/13/99,134645,False,Negocios
,Femenino,3/23/14,59148,,Legal
,Femenino,07/09/1991,42341,,Ventas
CRHistopher,Masculino,12/24/11,142178,True,Ventas
Peter,,09/03/1987,38989,True,Marketing
Michelle,Femenino,11/04/1996,53754,True,Producto
Irene,Femenino,1/29/92,133772,True,Ventas
Patrick,Masculino,8/17/07,143499,True,Ingenieria
Sara,Femenino,9/23/91,97058,False,Finanzas
Lillian,Femenino,12/21/08,85446,True,Ingenieria
,,9/18/07,40297,,TI
Willie,Masculino,2/17/98,146651,True,Ingenieria
Victor,Masculino,01/08/2003,124486,False,Producto
Wayne,Masculino,04/07/2012,102652,True,Distribucion
Jane,Femenino,09/03/1997,144474,False,Producto
Jessica,Femenino,10/23/95,68759,True,Finanzas
Mark,Masculino,04/12/2008,57286,True,Negocios
Randy,Masculino,11/14/99,58129,True,Distribucion
Lillian,Femenino,6/19/99,123940,True,Negocios
Ruth,,5/18/99,98233,True,Distribucion
Jerry,Masculino,12/18/03,140810,True,TI
Sandra,Femenino,1/19/83,42090,True,Legal
,Femenino,2/23/05,149654,,Ventas
Roger,Masculino,11/19/04,51430,False,Marketing
Charles,Masculino,10/14/00,71749,False,Legal
Clarence,Masculino,05/02/1998,85700,False,Ventas
Carol,Femenino,3/19/96,57783,False,Finanzas
Lois,Femenino,10/18/13,36946,False,Ingenieria
Barbara,,05/03/2003,99326,True,Legal
Rebecca,Femenino,2/18/95,109259,True,Legal
Irene,Femenino,1/30/04,131038,False,Distribucion
Ronald,Masculino,4/30/14,121068,True,Producto
Steven,Masculino,11/10/1985,62719,False,TI
Carolyn,Femenino,11/06/2012,69268,False,TI
Maria,Femenino,12/27/90,36067,True,Producto
Jonathan,Masculino,7/17/09,130581,True,
Gary,Masculino,08/12/1987,89661,False,Finanzas
Kimberly,Femenino,7/15/97,36643,False,Marketing
Roger,Masculino,11/08/1982,140558,True,Ventas
Diana,Femenino,01/04/2013,103521,True,Negocios
Willie,Masculino,06/06/2006,55281,True,Marketing
Brandon,Masculino,3/27/06,115711,True,Finanzas
Patricia,Femenino,12/06/2012,114079,True,TI
Katherine,Femenino,11/14/99,57531,False,TI
Jonathan,Masculino,10/12/1987,141069,False,RH
Emily,Femenino,9/20/07,89434,False,Ingenieria
Ruth,Femenino,08/12/1986,44639,True,Legal
Linda,Femenino,6/24/06,110967,True,RH
Lisa,Femenino,11/02/2009,115387,False,TI
Evelyn,Femenino,5/24/80,81673,True,Ingenieria
Julie,Femenino,7/23/89,109588,False,Ingenieria
Mary,Femenino,5/30/09,92544,False,TI
Matthew,Masculino,7/31/13,142373,False,Marketing
Douglas,Masculino,09/03/1999,83341,True,TI
Gregory,,6/15/92,98865,True,Finanzas
Billy,Masculino,3/13/95,120444,True,Finanzas
,Femenino,6/17/91,71945,,Marketing
Gregory,Masculino,1/29/00,109564,False,Legal
Jason,Masculino,10/17/99,78417,False,Finanzas
Daniel,Masculino,4/30/10,106947,True,Legal
Sarah,Femenino,9/14/95,87298,False,Distribucion
Harry,Masculino,10/01/2015,64579,True,Ventas
Kathy,Femenino,4/19/95,50905,True,Finanzas
Todd,Masculino,4/13/99,59728,True,TI
Bobby,Masculino,9/23/94,51685,True,Ingenieria
Jeremy,Masculino,06/08/2000,49542,True,Distribucion
George,,2/24/88,38375,False,Legal
Diane,Femenino,4/18/93,64084,False,Producto
Marilyn,Femenino,04/04/1997,147663,False,RH
KatRHyn,Femenino,02/04/2004,73935,False,Ventas
Irene,Femenino,02/04/1982,40837,True,TI
Norma,Femenino,02/11/2015,94393,True,Ingenieria
Laura,Femenino,04/02/2006,42087,False,Producto
Cheryl,Femenino,9/23/08,52080,False,Legal
Kevin,Masculino,3/25/82,35061,False,Legal
Lillian,,05/12/2016,64164,False,RH
Phyllis,,4/21/84,94088,False,Distribucion
Walter,Masculino,07/06/1983,127813,False,Finanzas
Robert,Masculino,10/27/90,38041,True,Ingenieria
Jimmy,Masculino,10/07/1986,126310,True,Producto
Clarence,Masculino,10/08/1996,142561,False,TI
Victor,Masculino,04/11/1991,70817,False,Ingenieria
Fred,,12/02/1984,59937,True,RH
Brenda,,7/27/10,106115,True,Producto
Justin,Masculino,12/06/1992,82782,True,Distribucion
Betty,Femenino,06/12/2002,104896,True,Negocios
Randy,,02/06/1986,133943,True,Ventas
Sharon,,03/01/1990,83658,False,Negocios
Ralph,Masculino,11/11/2004,71896,True,Marketing
,,4/28/03,113732,,Ventas
Edward,Masculino,5/27/85,110485,False,TI
Denise,Femenino,3/20/09,115118,False,RH
Debra,Femenino,3/13/98,48696,False,Legal
,Masculino,11/25/99,42676,,Ventas
Michael,Masculino,1/24/02,43586,False,
Henry,Masculino,02/06/1995,89258,True,RH
Gloria,Femenino,3/27/07,90730,False,Distribucion
Marie,Femenino,08/06/1995,100308,False,Producto
Anne,Femenino,7/16/86,69134,True,Ingenieria
Sarah,,11/21/85,58295,True,Ingenieria
Stephanie,Femenino,3/24/83,50141,True,RH
Roy,Masculino,9/23/04,101941,False,TI
,Femenino,08/05/2009,115145,,Distribucion
,Masculino,02/04/2005,40451,,Distribucion
Irene,Femenino,03/03/1982,56526,True,Finanzas
,Femenino,08/02/1992,145316,,RH
Thomas,Masculino,04/06/2011,103235,True,RH
Frank,,11/20/01,58563,True,Marketing
Fred,Masculino,2/20/80,74129,False,Producto
Nicholas,Masculino,04/12/1994,74669,True,Producto
Howard,Masculino,10/05/1982,97490,True,Marketing
Debra,Femenino,2/22/94,104250,True,Negocios
CRHistine,Femenino,07/03/1989,94345,False,Finanzas
Brenda,,5/29/91,82439,False,Ventas
Betty,Femenino,6/28/05,51613,False,Distribucion
Ruby,Femenino,11/08/2000,105946,False,Negocios
Kevin,Masculino,07/12/1997,46080,False,Negocios
Arthur,Masculino,01/01/2014,134610,True,RH
Carl,,02/07/2014,125104,False,TI
Todd,Masculino,03/11/2009,107281,True,Ingenieria
Brenda,Femenino,10/06/2005,141521,False,TI
Judy,Femenino,9/16/97,65931,False,RH
Todd,Masculino,02/02/1984,69989,True,Finanzas
Lois,Femenino,11/09/2011,147183,True,TI
Walter,,12/21/99,66757,False,Distribucion
Jessica,Femenino,9/27/85,75145,True,Legal
Jeremy,Masculino,6/14/88,129460,True,
Tammy,Femenino,11/11/1984,132839,True,TI
Anne,Femenino,03/07/2000,44537,True,TI
Jesse,Masculino,10/25/99,118733,False,Marketing
Virginia,Femenino,10/20/99,46905,False,Distribucion
Jesse,Masculino,03/02/1981,79582,False,Legal
Jeremy,,11/10/1996,55394,True,Ventas
Daniel,Masculino,9/15/07,123811,True,RH
Patrick,,8/30/04,137314,True,Marketing
Emily,Femenino,1/13/88,36711,True,RH
Alan,Masculino,6/26/88,111786,True,Ingenieria
James,Masculino,07/11/2015,72257,False,Ingenieria
Adam,Masculino,07/05/2007,71276,True,RH
Joan,,7/25/80,38712,False,TI
Jeremy,Masculino,08/12/1981,46930,True,Finanzas
Margaret,Femenino,02/06/1993,125220,False,Marketing
Mark,Masculino,04/01/1984,121477,True,Negocios
Marilyn,Femenino,9/26/81,86386,False,Distribucion
Cheryl,Femenino,09/08/2009,81308,True,Legal
Benjamin,Masculino,09/11/1984,84810,False,Marketing
Harold,Masculino,2/20/90,66775,True,Legal
Ernest,,1/18/02,72145,True,Finanzas
Gerald,Masculino,4/16/01,121604,True,Ventas
Judy,Femenino,07/01/1991,109510,True,Legal
Bobby,Masculino,3/31/96,112117,False,
Bobby,,09/01/1995,108127,False,TI
Marie,Femenino,10/03/2013,123711,False,Producto
Kathy,Femenino,12/18/13,132381,False,Negocios
Roy,Masculino,08/06/2006,148225,False,Finanzas
Jacqueline,Femenino,11/25/81,145988,False,Marketing
,Femenino,07/08/2008,62960,,Ventas
Julie,Femenino,3/23/86,56926,False,Ventas
Douglas,Masculino,01/08/2002,41428,False,Producto
Linda,Femenino,12/16/90,115658,True,Ventas
Ruby,Femenino,12/10/1988,76707,False,Negocios
Russell,Masculino,01/02/2005,60388,False,TI
Jeffrey,Masculino,6/18/97,45150,True,Producto
Aaron,Masculino,1/29/94,58755,True,Marketing
Samuel,Masculino,12/19/91,76076,True,Finanzas
,Masculino,1/27/10,87760,,Ingenieria
Randy,Masculino,3/16/14,135119,False,TI
Evelyn,Femenino,09/03/1983,36759,True,Marketing
Fred,Masculino,2/13/87,121723,True,Producto
Shirley,Femenino,06/08/1986,110061,False,TI
Todd,Masculino,5/23/11,85074,False,TI
Robert,Masculino,11/18/14,85799,False,Finanzas
Mark,Masculino,1/22/07,75150,True,Legal
Earl,Masculino,01/05/2000,91344,True,Ventas
Richard,Masculino,9/27/05,86326,False,Producto
Michael,Masculino,11/22/91,98753,True,RH
Steven,Masculino,05/12/2009,113060,True,Ventas
Carlos,Masculino,9/19/07,77327,True,Finanzas
Marie,Femenino,10/20/11,62666,False,Producto
Ronald,Masculino,2/24/09,96633,True,Ingenieria
Scott,Masculino,05/12/2009,58248,False,Negocios
Steven,Masculino,11/21/06,83706,True,RH
James,Masculino,11/22/98,74086,True,RH
Lori,Femenino,3/31/88,95389,False,Ventas
Philip,Masculino,08/02/1989,129968,False,Finanzas
Phyllis,Femenino,11/24/05,140347,False,Ventas
Thomas,,8/31/95,41549,False,Ventas
Cynthia,Femenino,12/03/2012,74287,False,Ventas
,Masculino,10/09/2011,69906,,Ingenieria
,Masculino,4/22/97,65078,,Marketing
Elizabeth,Femenino,11/10/2005,106406,True,Legal
Andrea,Femenino,9/14/03,115913,False,Legal
Judy,Femenino,02/01/1990,38092,False,Distribucion
Russell,Masculino,8/13/14,121160,False,Ingenieria
Scott,Masculino,12/17/11,90429,False,Producto
Sarah,Femenino,5/22/94,64207,True,TI
Susan,Femenino,9/25/04,80688,True,Ventas
Margaret,Femenino,05/05/2014,55044,False,Ventas
Joshua,Masculino,11/09/2009,72893,False,Distribucion
Justin,,4/15/05,96978,False,Finanzas
Juan,Masculino,4/16/02,97364,False,Producto
Gloria,,7/19/83,140885,False,RH
Jennifer,,1/24/89,58520,True,TI
Edward,Masculino,08/04/1989,66067,True,
Marilyn,Femenino,12/17/82,147183,False,Negocios
Mary,Femenino,10/18/09,87721,False,Producto
Linda,Femenino,7/15/09,144001,False,Negocios
Larry,Masculino,8/27/03,91133,False,Ventas
Albert,Masculino,02/01/1997,67827,True,Ingenieria
Kenneth,Masculino,4/13/99,81839,False,Ventas
,Femenino,12/31/06,81444,,Distribucion
Gregory,,07/09/2011,137661,True,Ventas
Brandon,Masculino,10/16/15,112548,False,Ingenieria
Stephen,Masculino,04/09/1987,111249,True,RH
Russell,Masculino,10/30/94,114334,False,Producto
,Femenino,9/18/02,118906,,Marketing
Pamela,,7/15/01,72979,False,Ventas
Scott,Masculino,08/03/1996,64172,True,Ingenieria
,Femenino,4/18/96,107024,,
Carlos,Masculino,7/28/10,50167,False,Producto
Jack,Masculino,12/24/80,106995,False,Producto
Debra,Femenino,1/19/10,70492,False,TI
Phyllis,Femenino,1/15/95,125881,False,Ventas
Robert,Masculino,10/29/94,123294,False,TI
Gloria,Femenino,9/19/89,131045,True,Producto
Sharon,,10/28/84,97635,True,TI
Barbara,,4/26/01,94493,True,Ventas
Marilyn,Femenino,8/15/89,140502,True,Ventas
Ralph,Masculino,10/27/10,106310,True,TI
Harry,,12/05/1996,46240,True,Ingenieria
Robin,Femenino,01/08/1998,111163,True,Producto
Kathy,Femenino,11/25/01,93753,True,Ventas
Rose,Femenino,07/06/2002,63494,True,RH
Clarence,Masculino,1/13/05,116693,True,Distribucion
Doris,Femenino,7/29/92,85215,True,RH
KatRHyn,Femenino,06/09/1988,86439,False,Finanzas
Billy,,3/16/04,62913,True,Marketing
Norma,Femenino,4/16/96,38872,True,Negocios
Richard,,11/28/92,124655,True,Ingenieria
Craig,Masculino,02/08/1984,113506,False,Marketing
Sarah,,7/20/90,109980,False,Ventas
Sharon,Femenino,03/09/2014,91522,False,Finanzas
Mary,Femenino,8/22/10,42214,True,Negocios
Steve,,2/23/02,83159,True,Distribucion
Joe,Masculino,12/05/2010,144082,True,TI
Jeremy,Masculino,5/29/94,47885,True,RH
Ernest,Masculino,8/14/12,126232,True,Ventas
Kevin,Masculino,6/23/81,134598,False,Negocios
Jacqueline,Femenino,02/11/2007,66604,False,Legal
Johnny,Masculino,9/14/92,115194,True,Marketing
Gary,Masculino,8/18/11,49101,True,Negocios
Shirley,,11/16/90,67811,False,Finanzas
,Masculino,6/29/08,111043,,Distribucion
Sarah,,8/31/81,37748,False,RH
Julia,Femenino,03/02/1982,36403,True,Finanzas
Dorothy,Femenino,11/05/2013,140136,True,Negocios
Justin,Masculino,5/22/86,121508,True,Finanzas
Kevin,Masculino,11/20/86,79906,True,Ventas
Victor,Masculino,9/24/05,123144,True,Producto
Deborah,Femenino,11/25/80,46953,False,TI
Matthew,,06/09/2003,79443,False,RH
Alice,Femenino,05/02/1986,51395,True,Finanzas
Todd,Masculino,3/16/16,134408,True,RH
Frank,Masculino,01/10/1981,71853,True,Ventas
CRHistopher,Masculino,5/13/99,68028,True,Finanzas
Rose,Femenino,5/28/15,149903,False,RH
Andrea,Femenino,10/01/2010,79123,False,Distribucion
Charles,Masculino,12/16/99,104014,False,Legal
Jessica,,03/07/2015,121160,False,TI
Wanda,Femenino,7/20/08,65362,True,Legal
Joyce,Femenino,02/07/1995,50701,True,
Billy,Masculino,12/01/2006,144709,True,Distribucion
KatRHyn,Femenino,8/29/07,53061,True,Finanzas
Denise,Femenino,3/18/01,36697,True,Ventas
Jason,Masculino,11/20/98,69244,True,
Nicholas,Masculino,03/01/2013,101036,True,RH
Aaron,Masculino,7/22/90,52119,True,TI
Louise,Femenino,5/13/03,46666,True,Negocios
Julie,Femenino,4/23/98,73437,True,Finanzas
Kathy,Femenino,05/08/1987,86318,True,Ventas
,Masculino,5/24/16,76409,,Distribucion
CRHis,Masculino,12/12/2006,71642,False,
Cheryl,Femenino,8/16/94,67150,True,Marketing
Gregory,Masculino,5/15/09,142208,True,Ingenieria
Wayne,Masculino,1/30/92,81183,False,TI
Beverly,Femenino,11/30/05,107163,True,RH
Willie,Masculino,8/22/09,55038,False,Legal
Terry,,7/15/16,140002,True,Marketing
Scott,Masculino,11/17/12,146812,True,Marketing
Annie,Femenino,12/19/94,40119,True,RH
,Masculino,2/21/95,136602,,Marketing
Ruth,Femenino,10/24/00,69579,True,RH
Deborah,,02/03/1983,101457,False,Ingenieria
Patricia,Femenino,01/09/2015,121232,False,Legal
Albert,Masculino,9/30/07,102626,False,Finanzas
Charles,,03/01/1987,137171,True,Marketing
Tina,Femenino,1/17/05,88276,False,Legal
Jeremy,Masculino,08/09/2001,43354,False,Marketing
Craig,Masculino,4/14/96,125556,False,Ingenieria
Jose,Masculino,07/11/2002,59862,False,Producto
Lawrence,Masculino,5/13/05,74640,False,Marketing
Helen,Femenino,10/31/97,52875,False,Legal
Walter,Masculino,08/04/2007,58789,False,Ventas
Amy,Femenino,6/19/02,122897,True,Ingenieria
Janice,Femenino,6/28/97,136032,True,Marketing
Stephen,Masculino,05/09/2015,141958,True,Legal
Ryan,Masculino,7/20/93,139917,False,Distribucion
Sharon,Femenino,03/12/2002,147635,False,RH
Joshua,Masculino,07/10/1984,68230,False,TI
Clarence,Masculino,8/20/92,124365,False,Negocios
Jonathan,Masculino,8/15/02,104749,False,Ingenieria
Stephanie,Femenino,11/26/92,122121,True,Ingenieria
Kathy,Femenino,10/25/96,143541,False,RH
Albert,Masculino,8/14/08,137840,False,Negocios
Michael,Masculino,5/22/11,73354,False,Negocios
Richard,Masculino,07/04/1997,47647,True,
Amy,Femenino,3/30/08,106249,False,Ventas
,Femenino,4/27/13,93847,,Negocios
Beverly,,05/03/1995,104815,False,Producto
,Femenino,4/26/92,115436,,RH
Joe,Masculino,4/14/00,50645,False,Marketing
Ashley,Femenino,8/15/97,142415,True,Finanzas
Howard,Masculino,04/09/2012,37984,False,Distribucion
Cheryl,Femenino,12/03/2014,71751,False,Negocios
Robert,Masculino,03/11/2007,135882,False,Legal
Sharon,Femenino,07/01/2011,46007,True,TI
Judith,Femenino,11/23/07,117055,False,Marketing
Nicholas,,09/09/1989,58478,True,Distribucion
Jerry,Masculino,1/30/95,121357,False,Negocios
Craig,Masculino,11/01/2005,44857,False,Finanzas
Barbara,Femenino,3/21/02,47322,True,Ventas
Eugene,Masculino,5/24/84,81077,False,Ventas
Johnny,Masculino,2/26/16,76394,True,Marketing
Benjamin,Masculino,05/05/2013,114356,False,TI
Diana,Femenino,6/13/94,41831,False,Negocios
Barbara,,12/10/1980,90187,True,Distribucion
CRHistine,Femenino,02/01/2003,72613,False,Legal
Sean,Masculino,02/11/2013,42748,False,Distribucion
Sarah,Femenino,11/03/1980,37259,False,TI
Roger,Masculino,08/03/2015,125033,True,Marketing
,Femenino,6/24/14,38275,,Distribucion
,Masculino,4/20/80,71520,,Ingenieria
Donald,Masculino,7/14/95,106472,True,TI
Clarence,Masculino,11/03/2015,103684,True,Ingenieria
Scott,Masculino,11/23/96,96111,False,RH
Ann,Femenino,11/04/1984,90719,False,Negocios
Frank,Masculino,4/27/03,140303,False,Legal
Joe,Masculino,07/04/1983,62161,True,Negocios
Wanda,Femenino,04/06/1993,78883,False,
Jimmy,Masculino,11/19/13,63549,False,
Amy,,12/25/84,63888,True,Producto
Larry,Masculino,01/08/1999,97370,False,Ventas
Gloria,Femenino,04/12/1992,66224,True,Legal
Ruth,Femenino,12/12/1996,97915,True,RH
Diana,Femenino,1/19/95,86883,True,Producto
Raymond,Masculino,2/16/09,37812,False,RH
Peter,Masculino,2/22/03,56580,True,
,,9/25/81,83895,,Ingenieria
Catherine,Femenino,8/31/13,58047,True,Distribucion
Diane,Femenino,07/05/1982,124889,True,Ventas
Peter,,10/13/14,118840,True,TI
Steve,Masculino,8/22/95,67780,True,RH
Barbara,Femenino,3/22/04,144677,False,Finanzas
Helen,,12/02/1993,45724,False,Producto
Jimmy,,8/26/83,86676,True,Producto
CRHistopher,Masculino,4/23/14,82401,False,TI
Kathleen,Femenino,6/13/14,35575,False,Distribucion
Virginia,Femenino,05/02/2010,123649,True,Marketing
Lisa,Femenino,2/26/05,38078,True,Producto
Earl,Masculino,02/11/2014,52620,False,Producto
Gerald,,01/08/1992,133366,False,Legal
Louise,Femenino,9/18/81,91462,False,Marketing
Clarence,Masculino,8/26/82,146589,True,Negocios
Cynthia,Femenino,9/14/91,51633,True,Negocios
Adam,Masculino,10/08/2010,45181,False,RH
Justin,Masculino,09/06/1999,62454,True,Ventas
,Femenino,12/02/2009,84746,,Finanzas
Ruby,Femenino,05/01/1999,147362,True,Ingenieria
Amanda,Femenino,08/01/2004,80803,True,Distribucion
Anna,Femenino,4/15/08,117293,False,TI
Roger,Masculino,07/03/2010,105689,True,Marketing
Julie,,02/04/1999,93302,True,Producto
Joseph,Masculino,09/10/1992,102555,True,Producto
Evelyn,Femenino,9/22/98,51525,False,Finanzas
Janice,Femenino,01/02/1984,41190,True,Ventas
Sara,Femenino,2/25/80,75484,False,Finanzas
Gregory,Masculino,6/18/84,82726,True,Marketing
Philip,Masculino,7/18/85,122319,False,Ingenieria
Barbara,Femenino,09/02/1991,127297,True,Producto
Amanda,Femenino,06/07/2002,109290,False,Ingenieria
Phyllis,,10/25/85,99150,False,TI
Anne,Femenino,10/26/96,71930,True,Producto
Arthur,Masculino,12/16/14,66819,True,Marketing
Jane,Femenino,06/01/1994,42424,False,Distribucion
Linda,Femenino,8/18/85,51431,False,Ingenieria
Ashley,Femenino,11/17/99,120675,False,RH
Shawn,Masculino,12/03/2009,96610,True,TI
Kathleen,Femenino,9/20/96,71430,False,Ingenieria
Sara,,10/07/1983,87713,True,Legal
Randy,Masculino,05/02/2002,86723,False,Ingenieria
Andrew,Masculino,3/29/85,43414,True,TI
Marilyn,Femenino,08/09/2006,87145,False,RH
Johnny,Masculino,01/08/1995,91124,True,Distribucion
,Femenino,04/01/1980,48141,,
Susan,Femenino,4/18/86,90829,False,Marketing
Ruby,Femenino,07/07/1980,101262,False,TI
Kelly,Femenino,8/16/96,41427,False,Producto
Jonathan,Masculino,04/06/1995,56993,False,Marketing
Raymond,Masculino,1/13/96,114244,False,RH
Kimberly,Femenino,12/30/81,81800,True,
,Femenino,1/13/09,118736,,TI
John,Masculino,1/22/95,66077,True,Producto
Michael,Masculino,7/30/93,35013,False,Producto
Jerry,Masculino,05/04/2003,98393,False,TI
Amanda,Femenino,3/17/82,107111,True,Producto
Harold,Masculino,10/18/10,65673,True,Legal
Harry,Masculino,1/27/85,65482,False,
Ernest,Masculino,1/28/90,81919,False,Marketing
Harry,Masculino,11/19/82,59277,False,Finanzas
Diane,Femenino,02/02/1988,49501,False,Negocios
Jack,Masculino,5/30/12,70367,True,Legal
Shirley,Femenino,4/16/88,132156,False,Marketing
Rose,Femenino,10/30/04,56961,False,Marketing
Cheryl,Femenino,7/23/82,98841,True,TI
Cynthia,Femenino,5/23/80,78226,False,RH
Sandra,Femenino,4/24/95,116931,True,RH
Andrea,Femenino,10/30/94,87575,True,Negocios
Rachel,Femenino,4/22/88,110924,False,Distribucion
Justin,Masculino,5/24/81,78351,False,Ventas
Marie,Femenino,11/23/00,125574,False,Ventas
Louis,Masculino,4/15/11,95198,False,Negocios
Nancy,Femenino,05/07/1985,121006,True,Finanzas
Mark,Masculino,10/03/1984,95728,True,Negocios
Teresa,Femenino,6/24/87,69740,False,Distribucion
Frances,Femenino,7/21/01,91996,False,Producto
,Femenino,10/11/1990,98385,,RH
Barbara,,12/20/94,90556,True,Distribucion
CRHistine,,6/15/80,50366,True,Marketing
Bobby,,7/21/03,84232,True,Ingenieria
Carl,,10/26/91,100888,True,Negocios
Bruce,Masculino,3/15/13,141335,True,Ingenieria
Rose,Femenino,5/20/82,97691,False,TI
Mildred,Femenino,2/21/81,47266,False,TI
,Masculino,10/13/83,139754,,Ventas
,Femenino,10/24/93,116236,,Ingenieria
Todd,Masculino,2/16/10,103405,False,Ventas
Alan,Masculino,2/17/12,41453,False,Producto
Elizabeth,,2/16/81,52730,False,Marketing
Julie,,10/21/00,60361,True,Distribucion
Teresa,,01/03/1992,63103,False,Finanzas
Eric,Masculino,11/12/2004,65168,False,Distribucion
Edward,Masculino,8/30/01,73105,True,Ingenieria
Kimberly,Femenino,12/06/1986,37916,True,Distribucion
Kathy,Femenino,1/14/01,45682,True,Marketing
Peter,Masculino,11/24/92,69297,False,Finanzas
Beverly,Femenino,10/22/90,59070,True,Ingenieria
Ralph,Masculino,03/07/2012,81215,False,Finanzas
Justin,Masculino,08/10/1997,128036,False,TI
Irene,Femenino,6/23/05,89780,True,Ventas
Irene,Femenino,11/29/06,125018,True,Legal
Jeremy,Masculino,11/26/97,133033,False,Ventas
Cynthia,Femenino,6/29/15,82408,True,Marketing
,Femenino,4/13/97,131755,,
Anne,Femenino,11/21/84,128305,False,Marketing
,,09/02/1988,147309,,Distribucion
Debra,Femenino,03/12/1983,74911,False,Marketing
Michael,Masculino,7/13/88,47079,False,Legal
Jason,,03/06/2008,82873,False,TI
Rebecca,Femenino,2/23/90,134673,False,Ingenieria
Andrea,Femenino,11/17/11,123591,True,Ingenieria
Carl,Masculino,3/30/87,75598,False,
Randy,Masculino,9/27/00,89831,True,
Marilyn,Femenino,07/02/1984,92430,False,Ingenieria
Wayne,Masculino,09/02/2009,126956,False,RH
Frances,Femenino,11/12/1996,112467,False,Negocios
Amanda,,08/11/1991,46665,True,TI
Kathleen,Femenino,8/28/04,42553,True,Distribucion
Amanda,Femenino,1/25/95,102081,False,Ventas
Amanda,,3/16/10,135118,False,Finanzas
Shawn,Masculino,9/29/87,71975,False,RH
Katherine,Femenino,8/13/96,149908,False,Finanzas
Anna,,3/13/85,45418,False,Marketing
Elizabeth,Femenino,2/21/10,79145,False,Finanzas
Donald,Masculino,04/06/1988,122920,False,
Gregory,Masculino,11/15/99,128031,True,Negocios
Ruth,Femenino,2/17/04,59969,True,Finanzas
Cynthia,Femenino,07/05/1986,35381,False,Finanzas
Deborah,Femenino,11/21/85,113129,False,TI
Willie,Masculino,12/05/2009,141932,True,Ingenieria
Debra,Femenino,5/28/06,42296,False,Producto
Carl,Masculino,12/14/84,63395,False,Legal
Walter,Masculino,9/24/07,125382,True,TI
Lisa,Femenino,02/09/1982,113592,True,Marketing
Rebecca,Femenino,03/05/2000,46750,True,Ventas
Jessica,Femenino,10/19/86,90285,True,TI
Steve,,8/27/09,53692,True,Marketing
Mary,,12/24/86,100341,False,Distribucion
Craig,Masculino,8/21/95,123876,False,Ingenieria
Katherine,Femenino,12/19/00,41643,True,Distribucion
Andrea,Femenino,8/31/89,113760,True,Distribucion
Timothy,Masculino,10/06/2010,49473,False,Legal
Anthony,Masculino,2/13/13,146141,True,Distribucion
Harold,,02/04/2004,79459,True,Negocios
Douglas,,02/04/2009,104496,True,Marketing
James,Masculino,12/05/2001,67789,True,Legal
Joseph,,3/28/82,86564,True,
Martha,Femenino,9/14/01,135758,True,TI
Laura,Femenino,07/12/2000,84672,False,Distribucion
Robert,Masculino,11/05/1982,111580,False,RH
Ralph,Masculino,3/24/96,50455,False,Negocios
,Masculino,8/28/12,88733,,RH
Diane,Femenino,10/30/09,130577,False,Marketing
Annie,Femenino,06/06/1992,138925,True,Marketing
Jacqueline,Femenino,9/20/94,62371,True,TI
Brenda,Femenino,4/17/84,87715,False,Producto
Lori,Femenino,09/11/2002,66029,True,TI
Albert,Masculino,6/17/92,86818,True,Ingenieria
Frank,Masculino,11/23/02,75147,False,Producto
Deborah,Femenino,4/23/00,105573,True,Producto
Robin,,12/20/05,41230,True,Distribucion
Alice,Femenino,1/21/16,117787,False,
,Masculino,10/20/89,88086,,Finanzas
Paul,,2/18/11,91462,False,Finanzas
,Masculino,12/27/96,139959,,Distribucion
Brian,Masculino,04/07/2007,93901,True,Legal
Julie,,05/08/1980,50529,False,Finanzas
Bruce,Masculino,1/28/07,134988,True,Ventas
Joan,Femenino,10/02/2007,120941,True,Finanzas
Harold,Masculino,5/15/07,118753,False,Ventas
Alice,Femenino,10/16/95,92799,False,Ventas
Barbara,Femenino,11/12/2011,85718,False,TI
Sarah,Femenino,04/06/1999,109517,False,RH
Samuel,Masculino,5/25/12,85550,True,Marketing
,Masculino,5/23/90,136655,,Distribucion
Barbara,,08/02/2002,43312,True,Legal
Amy,,5/19/84,102839,True,Distribucion
Frank,Masculino,03/02/2009,78891,True,Distribucion
Robin,,9/16/05,93201,True,Legal
Debra,Femenino,3/17/11,84693,True,Finanzas
Brandon,,5/31/04,73587,True,RH
Thomas,Masculino,09/07/1991,65251,False,Distribucion
Harry,Masculino,9/23/15,129148,True,Ingenieria
Todd,Masculino,07/04/1993,128175,True,
Patricia,Femenino,03/07/1998,75825,False,Ingenieria
Steve,Masculino,01/11/2002,51821,True,Legal
,Masculino,04/07/1995,60411,,RH
Edward,Masculino,11/27/97,58327,True,Finanzas
Karen,Femenino,01/09/2014,46478,False,Ingenieria
Martin,,02/06/2001,123963,True,Ingenieria
Ann,Femenino,9/28/94,79796,False,Distribucion
Jonathan,Masculino,7/30/84,83809,False,Distribucion
Peter,Masculino,3/22/82,77933,True,Ingenieria
Eric,Masculino,6/15/93,51070,True,Negocios
Jason,,4/15/88,97480,False,RH
Terry,Masculino,10/21/10,58357,False,Ingenieria
John,Masculino,1/29/99,67165,False,Ingenieria
Marie,Femenino,04/08/1983,145988,True,RH
Harold,Masculino,4/16/10,147417,True,Negocios
Joshua,Masculino,6/27/97,95003,True,Marketing
Brandon,,09/05/1992,144187,True,Legal
Andrea,Femenino,12/10/2001,37888,False,Ingenieria
Jeremy,Masculino,5/19/91,131513,True,Finanzas
Daniel,Masculino,2/29/16,77287,True,
Roy,Masculino,05/10/2004,46875,True,Ventas
Dorothy,Femenino,10/08/2008,82744,True,TI
Steven,Masculino,09/07/1986,43252,False,TI
Nicole,Femenino,4/26/09,66047,True,Marketing
Ann,Femenino,7/16/01,118431,True,Finanzas
Henry,Masculino,05/12/1986,59943,False,Finanzas
,Masculino,6/17/09,136681,,Negocios
,Femenino,12/18/94,138807,,RH
Barbara,Femenino,11/26/02,82884,True,Negocios
Judy,Femenino,04/05/2011,48668,True,Producto
Lawrence,Masculino,7/23/11,122971,False,Producto
Joseph,Masculino,10/10/2010,107050,False,Negocios
Carlos,Masculino,1/25/81,138598,False,Ventas
Russell,,05/09/2009,149456,False,Marketing
Jane,Femenino,07/10/1999,128540,False,Legal
Martin,Masculino,2/25/16,61117,False,TI
Steven,Masculino,5/30/80,100949,True,RH
Judy,,7/15/11,46829,True,Finanzas
James,Masculino,2/16/08,69111,True,Negocios
Gloria,Femenino,8/19/04,46602,True,Negocios
Ernest,Masculino,6/30/01,61181,False,Negocios
Martha,Femenino,7/17/97,94963,True,Negocios
Janet,,1/25/86,85789,False,Legal
Louis,,02/05/1983,145274,False,Producto
Tina,Femenino,08/06/1999,102841,False,TI
Henry,Masculino,2/23/07,49665,False,Negocios
Antonio,Masculino,06/06/1999,41928,True,
Lisa,Femenino,04/11/2007,128042,True,Legal
Denise,Femenino,2/19/84,86150,False,TI
Stephen,Masculino,10/21/84,121816,True,Distribucion
Benjamin,Masculino,04/12/1988,123409,False,Producto
Carl,,8/18/07,98295,True,Legal
Ruth,Femenino,09/02/1980,59678,False,Distribucion
Shawn,Masculino,12/29/06,57871,True,RH
Jennifer,Femenino,3/31/15,132084,True,Ingenieria
Terry,Masculino,11/10/2004,35633,True,Distribucion
Jacqueline,Femenino,7/27/08,125298,True,Legal
Roger,Masculino,05/02/1988,115582,True,Ventas
Alice,,4/23/95,148339,True,Finanzas
Justin,Masculino,7/25/91,112975,False,RH
Janet,Femenino,07/12/2008,36927,False,TI
Robin,Femenino,3/26/04,70248,True,Ventas
Samuel,,10/07/2002,141305,True,Marketing
Katherine,Femenino,9/22/06,72002,True,Producto
Peter,Masculino,5/22/91,102577,True,Producto
Lillian,Femenino,8/14/09,113554,True,Negocios
,Masculino,10/24/86,47176,,Finanzas
,Femenino,6/18/00,106428,,
Rose,Femenino,11/03/1999,75181,True,Finanzas
Bobby,Masculino,9/30/04,79047,False,RH
Kimberly,Femenino,4/20/86,52970,False,Ventas
Antonio,Masculino,12/28/03,137979,False,Distribucion
Doris,Femenino,09/08/1984,114360,True,Negocios
Steven,Masculino,07/05/2009,110306,True,RH
Lawrence,Masculino,07/03/1995,46378,False,
,Masculino,05/06/1986,74104,,TI
,,4/15/91,132505,,Producto
Stephanie,Femenino,9/14/82,96649,False,Ventas
,Femenino,7/24/82,57811,,Marketing
Sandra,Femenino,09/07/1989,111468,True,Producto
Kevin,Masculino,07/01/2005,141498,True,Ventas
Michelle,,3/31/12,124441,False,Negocios
Lisa,Femenino,07/08/2000,40121,False,Producto
Fred,Masculino,03/03/1989,129712,False,Finanzas
Joseph,Masculino,11/04/1982,126010,False,Legal
Anne,,4/18/96,122762,False,Distribucion
Andrea,Femenino,7/22/99,149105,True,Distribucion
Nicole,Femenino,03/01/2004,44021,False,
Theresa,,10/07/1995,42025,True,RH
Catherine,Femenino,8/31/86,59970,False,TI
Rose,Femenino,12/31/82,145001,False,Ingenieria
Lawrence,Masculino,10/01/1984,102589,True,Marketing
Raymond,Masculino,12/12/1986,47529,True,Producto
Clarence,Masculino,08/05/1989,148941,False,Producto
Ryan,Masculino,4/15/88,91109,True,RH
Jane,Femenino,01/12/1992,51923,False,Negocios
Lois,Femenino,7/28/12,53954,False,Producto
Shawn,Masculino,3/17/08,39335,False,Distribucion
Thomas,Masculino,05/03/1990,111371,True,Ingenieria
KatRHyn,Femenino,1/29/08,86676,False,Ventas
Mary,Femenino,11/06/2011,115057,False,Finanzas
Julie,Femenino,03/08/1980,145357,False,Ingenieria
George,Masculino,9/27/95,36749,False,Finanzas
Ralph,Masculino,02/10/2000,89854,False,Negocios
Judith,Femenino,09/03/1989,134048,True,Marketing
,Masculino,12/13/94,141311,,Producto
Evelyn,Femenino,02/10/2002,123621,True,Marketing
Rachel,Femenino,6/23/11,54941,True,Distribucion
Maria,,1/18/86,106562,False,RH
Kelly,Femenino,3/17/07,39371,False,Ingenieria
Ruby,Femenino,5/31/08,83112,False,Marketing
Ann,Femenino,10/03/1980,96941,True,Distribucion
Kenneth,Masculino,12/14/85,47232,True,Legal
William,Masculino,11/18/93,54058,True,RH
,Femenino,12/27/80,80399,,Distribucion
Deborah,Femenino,2/26/09,118043,True,Negocios
,Masculino,11/12/2009,109411,,Ingenieria
Julia,Femenino,8/18/14,97566,False,Marketing
Robert,,12/04/2000,69267,True,Ventas
,,08/01/1988,87103,,
Jesse,,7/16/14,98811,False,Legal
Cynthia,Femenino,07/12/2006,149684,False,Producto
Johnny,Masculino,1/14/07,71383,True,RH
Michael,Masculino,8/31/02,81206,True,Distribucion
Kenneth,Masculino,1/15/15,69112,True,Finanzas
Keith,Masculino,02/12/2003,120672,False,Legal
Gerald,Masculino,5/28/10,96511,False,RH
Carl,,02/11/1982,49325,True,Negocios
Douglas,Masculino,08/04/2007,132175,False,Ingenieria
Carolyn,Femenino,3/17/04,118037,False,Finanzas
Joseph,Masculino,5/23/85,139570,True,Finanzas
Billy,Masculino,04/06/2000,115280,False,Distribucion
Joyce,Femenino,7/25/01,51065,False,RH
Lillian,Femenino,8/26/02,103854,True,Distribucion
Ruby,Femenino,8/13/06,48354,False,Negocios
Sandra,Femenino,02/07/1998,132327,False,Producto
Louise,Femenino,2/26/82,106362,False,Ventas
Maria,,6/19/85,148857,False,Legal
Brenda,Femenino,01/03/1981,131131,False,TI
Stephen,Masculino,09/10/1990,129663,False,RH
Nicole,,05/02/1981,41449,False,Finanzas
Bobby,Masculino,06/05/1984,93368,True,Producto
Ernest,Masculino,09/06/1997,53335,False,Producto
Charles,Masculino,09/03/1997,148291,False,
Bobby,Masculino,8/19/96,147842,True,
Diana,Femenino,11/19/04,105066,True,Negocios
Mildred,Femenino,04/06/2007,139284,True,
Harry,Masculino,02/10/1985,63046,False,Finanzas
Phillip,,10/20/03,89700,True,
Bonnie,,1/18/06,108946,False,Finanzas
Marie,Femenino,12/08/1993,98406,True,Producto
Sean,Masculino,4/25/06,108581,False,RH
Robin,Femenino,10/01/2012,41808,False,Negocios
Phillip,Masculino,10/07/1984,36837,False,Marketing
Jerry,Masculino,3/26/89,140850,False,Finanzas
Ronald,Masculino,5/25/83,50426,True,Ventas
Phillip,Masculino,5/15/84,134120,False,RH
Ryan,Masculino,11/16/12,57292,False,
Karen,Femenino,8/29/97,80633,False,Legal
Bonnie,Femenino,8/25/04,131943,False,TI
Earl,Masculino,6/15/13,48046,False,Marketing
Katherine,Femenino,8/18/13,97443,False,Producto
Matthew,Masculino,08/03/1995,135352,True,Negocios
Cynthia,,11/19/96,107816,False,Marketing
Gerald,Masculino,3/29/03,96329,True,Ingenieria
Brenda,Femenino,1/18/15,73749,False,Negocios
Jason,Masculino,05/01/1998,75607,True,Ventas
Melissa,Femenino,09/08/1994,98858,True,RH
Beverly,Femenino,04/11/1998,76485,True,Ingenieria
Terry,,09/11/1992,41238,False,Marketing
,Masculino,09/05/1980,114896,,TI
Jacqueline,Femenino,5/25/03,125418,False,Distribucion
Amy,Femenino,5/20/09,75415,False,TI
Robert,,5/25/07,90998,False,Finanzas
Ruby,Femenino,1/28/80,142868,False,Marketing
Sara,,11/18/14,135990,True,Distribucion
KatRHyn,Femenino,10/27/95,57300,False,Marketing
Lisa,Femenino,10/17/03,73706,False,Finanzas
Juan,Masculino,10/06/1993,85871,False,Producto
Anthony,Masculino,1/30/14,96795,False,Ventas
David,Masculino,12/05/2009,92242,False,Legal
Marilyn,Femenino,10/08/2007,115149,True,Legal
Margaret,Femenino,01/04/2001,126924,True,Finanzas
,Masculino,11/24/15,145329,,Finanzas
Timothy,Masculino,8/25/91,92587,False,Finanzas
Brandon,Masculino,10/23/95,60263,False,Ventas
Frank,Masculino,7/27/13,91406,True,Negocios
Betty,Femenino,11/19/02,37005,True,Marketing
Janice,,11/19/91,139791,False,Negocios
Victor,Masculino,03/10/2010,45267,True,Ventas
Kenneth,,2/28/94,95296,False,Finanzas
Jane,Femenino,4/27/12,59680,True,Negocios
Walter,Masculino,5/21/92,144701,True,Marketing
CRHistina,Femenino,6/23/02,35477,False,RH
Patricia,Femenino,10/10/1995,119266,False,Distribucion
,Masculino,5/23/01,103877,,Distribucion
Heather,Femenino,7/29/83,47605,True,RH
Stephanie,Femenino,6/26/88,136604,True,RH
Alice,Femenino,02/09/2013,121250,True,Finanzas
Frances,Femenino,5/16/14,35884,False,Ventas
Elizabeth,Femenino,7/27/98,137144,False,Finanzas
Janice,Femenino,12/17/09,102697,False,Ingenieria
Donald,Masculino,08/01/1991,61999,False,Producto
Melissa,Femenino,10/22/02,45223,True,Legal
Carl,Masculino,07/07/2010,54033,True,Negocios
Joe,Masculino,12/08/1998,126120,False,
Lois,Femenino,12/11/2015,99747,False,Marketing
Ann,Femenino,9/28/01,71958,True,Distribucion
Todd,Masculino,01/04/1983,115566,True,TI
Marilyn,Femenino,1/16/96,118369,True,Negocios
Shawn,Masculino,3/13/08,51667,False,Producto
Ryan,Masculino,4/27/99,85858,False,TI
Sean,Masculino,3/21/09,131423,False,Distribucion
Rose,Femenino,01/02/2002,49538,False,TI
George,Masculino,06/05/2015,50369,True,Ventas
Arthur,Masculino,12/05/2013,86615,True,Negocios
Irene,,2/28/91,135369,False,Negocios
Deborah,Femenino,11/11/2003,60003,False,TI
,Femenino,8/23/00,95866,,Ventas
Judith,Femenino,03/01/2004,109324,False,Distribucion
Philip,Masculino,03/11/2005,103557,True,Negocios
Jeffrey,Masculino,9/20/86,111376,True,Negocios
Theresa,Femenino,4/27/01,75661,True,Legal
Nancy,Femenino,09/10/2001,85213,True,Marketing
Harold,Masculino,6/23/12,140444,False,Distribucion
Bonnie,Femenino,12/23/08,90427,True,TI
Doris,Femenino,07/05/1993,141439,False,Negocios
Samuel,Masculino,08/07/1997,43694,True,Ingenieria
Alice,Femenino,3/23/96,131952,False,Ingenieria
Maria,Femenino,3/14/03,96250,False,Negocios
Aaron,,1/22/86,63126,False,TI
Mark,,09/09/2006,44836,False,TI
Ralph,,7/28/95,70635,False,TI
Andrew,Masculino,9/28/90,137386,True,Distribucion
William,Masculino,6/26/97,104840,True,Ingenieria
Lori,Femenino,11/20/15,75498,True,Marketing
Wayne,Masculino,09/08/2006,67471,False,Ingenieria
Kenneth,Masculino,05/10/2006,101914,True,Distribucion
Gerald,,4/15/89,93712,True,Distribucion
,Femenino,9/15/85,133472,,Distribucion
,Masculino,7/30/12,107351,,Marketing
Ashley,Femenino,3/31/06,142410,True,Ingenieria
Scott,Masculino,8/20/11,37385,True,Negocios
Paula,Femenino,5/21/83,58423,False,Negocios
,Femenino,9/14/10,143638,,
Teresa,Femenino,1/22/13,113425,True,RH
Randy,Masculino,2/25/12,57266,False,Producto
Joe,Masculino,1/19/80,119667,True,Finanzas
Sarah,Femenino,8/17/14,127118,False,Legal
Beverly,Femenino,10/17/86,80838,False,Ingenieria
Jeffrey,Masculino,02/03/1984,70990,True,Ventas
Gloria,Femenino,10/24/87,39833,False,Ingenieria
Albert,Masculino,9/19/92,45094,True,Negocios
Stephen,Masculino,10/29/89,93997,True,Negocios
Antonio,,6/18/89,103050,False,Legal
Jonathan,Masculino,8/21/13,121797,False,Producto
Ann,Femenino,9/23/94,89443,True,Ventas
Bruce,Masculino,05/07/1980,35802,True,Ventas
Catherine,Femenino,9/25/89,68164,False,TI
Louis,Masculino,8/16/11,93022,True,RH
Thomas,Masculino,03/12/2016,105681,False,Ingenieria
Louise,Femenino,3/27/95,43050,False,Distribucion
Linda,Femenino,02/04/2010,44486,True,Ingenieria
Alice,Femenino,09/03/1988,63571,True,Producto
Patrick,Masculino,12/30/02,75423,True,Negocios
Victor,,7/28/06,76381,True,Ventas
Russell,Masculino,05/10/2013,137359,False,Negocios
Harry,Masculino,8/30/11,67656,True,TI
Susan,Femenino,04/07/1995,92436,False,Ventas
Denise,Femenino,10/19/92,137954,True,Legal
Sarah,Femenino,12/04/1995,124566,False,Producto
Sean,Masculino,1/17/83,66146,False,RH
Ernest,Masculino,7/20/13,142935,True,Producto
Kimberly,Femenino,1/26/13,46233,True,Ingenieria
James,Masculino,1/15/93,148985,False,Legal
Rose,Femenino,04/06/1982,91411,True,RH
John,Masculino,12/23/82,146907,False,Ingenieria
Maria,Femenino,10/15/11,43455,False,Ingenieria
Stephen,,07/10/1983,85668,False,Legal
Donna,Femenino,11/26/82,82871,False,Marketing
Gloria,Femenino,12/08/2014,136709,True,Finanzas
Alice,Femenino,10/05/2004,47638,False,RH
Justin,,02/10/1991,38344,False,Legal
Robin,Femenino,7/24/87,100765,True,TI
Rose,Femenino,8/25/02,134505,True,Marketing
Anthony,Masculino,10/16/11,112769,True,Finanzas
Tina,Femenino,5/15/97,56450,True,Ingenieria
George,Masculino,6/21/13,98874,True,Marketing
Henry,,11/23/14,132483,False,Distribucion
Phillip,Masculino,1/31/84,42392,False,Finanzas
Russell,Masculino,5/20/13,96914,False,Producto
Larry,Masculino,4/20/13,60500,False,Negocios
Albert,Masculino,5/15/12,129949,True,Ventas
